--------------------------------------------------------
--  Fichier créé - vendredi-septembre-20-2024   
--------------------------------------------------------
--------------------------------------------------------
--  DDL for Sequence NOM_SEQUENCE
--------------------------------------------------------

   CREATE SEQUENCE  "HEND"."NOM_SEQUENCE"  MINVALUE 1 MAXVALUE 9999999999999999999999999999 INCREMENT BY 1 START WITH 61 CACHE 20 NOORDER  NOCYCLE ;
--------------------------------------------------------
--  DDL for Sequence NOM_SEQUENCE2
--------------------------------------------------------

   CREATE SEQUENCE  "HEND"."NOM_SEQUENCE2"  MINVALUE 1 MAXVALUE 9999999999999999999999999999 INCREMENT BY 1 START WITH 141 CACHE 20 NOORDER  NOCYCLE ;
--------------------------------------------------------
--  DDL for Sequence NOM_SEQUENCE3
--------------------------------------------------------

   CREATE SEQUENCE  "HEND"."NOM_SEQUENCE3"  MINVALUE 1 MAXVALUE 9999999999999999999999999999 INCREMENT BY 1 START WITH 161 CACHE 20 NOORDER  NOCYCLE ;
--------------------------------------------------------
--  DDL for Sequence NOM_SEQUENCE4
--------------------------------------------------------

   CREATE SEQUENCE  "HEND"."NOM_SEQUENCE4"  MINVALUE 1 MAXVALUE 9999999999999999999999999999 INCREMENT BY 1 START WITH 121 CACHE 20 NOORDER  NOCYCLE ;
--------------------------------------------------------
--  DDL for Table ACCEUILLIR
--------------------------------------------------------

  CREATE TABLE "HEND"."ACCEUILLIR" 
   (	"ID_P" VARCHAR2(20 BYTE), 
	"CIN_B" VARCHAR2(20 BYTE)
   ) SEGMENT CREATION IMMEDIATE 
  PCTFREE 10 PCTUSED 40 INITRANS 1 MAXTRANS 255 NOCOMPRESS LOGGING
  STORAGE(INITIAL 65536 NEXT 1048576 MINEXTENTS 1 MAXEXTENTS 2147483645
  PCTINCREASE 0 FREELISTS 1 FREELIST GROUPS 1 BUFFER_POOL DEFAULT FLASH_CACHE DEFAULT CELL_FLASH_CACHE DEFAULT)
  TABLESPACE "SYSTEM" ;
--------------------------------------------------------
--  DDL for Table BENEFICIAIRES
--------------------------------------------------------

  CREATE TABLE "HEND"."BENEFICIAIRES" 
   (	"CIN_B" VARCHAR2(20 BYTE), 
	"PRENOM_B" VARCHAR2(20 BYTE), 
	"NOM_B" VARCHAR2(20 BYTE), 
	"DOB_B" DATE, 
	"SEXE_B" VARCHAR2(20 BYTE), 
	"NB_PASS_B" NUMBER, 
	"DATE_ENT_B" DATE, 
	"DATE_SOR_B" DATE, 
	"NUM_CH" NUMBER, 
	"MALADE_B" NUMBER
   ) SEGMENT CREATION IMMEDIATE 
  PCTFREE 10 PCTUSED 40 INITRANS 1 MAXTRANS 255 NOCOMPRESS LOGGING
  STORAGE(INITIAL 65536 NEXT 1048576 MINEXTENTS 1 MAXEXTENTS 2147483645
  PCTINCREASE 0 FREELISTS 1 FREELIST GROUPS 1 BUFFER_POOL DEFAULT FLASH_CACHE DEFAULT CELL_FLASH_CACHE DEFAULT)
  TABLESPACE "SYSTEM" ;
--------------------------------------------------------
--  DDL for Table CHAMBRES
--------------------------------------------------------

  CREATE TABLE "HEND"."CHAMBRES" 
   (	"NUM_L" NUMBER, 
	"ETAT_L" NUMBER, 
	"INCENDIE" NUMBER, 
	"NB_LIT" NUMBER, 
	"SEXE_L" NUMBER
   ) SEGMENT CREATION IMMEDIATE 
  PCTFREE 10 PCTUSED 40 INITRANS 1 MAXTRANS 255 NOCOMPRESS LOGGING
  STORAGE(INITIAL 65536 NEXT 1048576 MINEXTENTS 1 MAXEXTENTS 2147483645
  PCTINCREASE 0 FREELISTS 1 FREELIST GROUPS 1 BUFFER_POOL DEFAULT FLASH_CACHE DEFAULT CELL_FLASH_CACHE DEFAULT)
  TABLESPACE "SYSTEM" ;
--------------------------------------------------------
--  DDL for Table COLLECTER
--------------------------------------------------------

  CREATE TABLE "HEND"."COLLECTER" 
   (	"ID_P" VARCHAR2(20 BYTE), 
	"CIN_D" VARCHAR2(20 BYTE)
   ) SEGMENT CREATION IMMEDIATE 
  PCTFREE 10 PCTUSED 40 INITRANS 1 MAXTRANS 255 NOCOMPRESS LOGGING
  STORAGE(INITIAL 65536 NEXT 1048576 MINEXTENTS 1 MAXEXTENTS 2147483645
  PCTINCREASE 0 FREELISTS 1 FREELIST GROUPS 1 BUFFER_POOL DEFAULT FLASH_CACHE DEFAULT CELL_FLASH_CACHE DEFAULT)
  TABLESPACE "SYSTEM" ;
--------------------------------------------------------
--  DDL for Table CONSULTATIONS
--------------------------------------------------------

  CREATE TABLE "HEND"."CONSULTATIONS" 
   (	"IDC" NUMBER, 
	"TAILLE_P" VARCHAR2(20 BYTE), 
	"POID_P" VARCHAR2(20 BYTE), 
	"TENSION" VARCHAR2(20 BYTE), 
	"TEMPERATURE" VARCHAR2(20 BYTE), 
	"ID_P" VARCHAR2(20 BYTE), 
	"CIN_B" VARCHAR2(20 BYTE), 
	"RESULTAT_C" VARCHAR2(120 BYTE), 
	"DATE_C" VARCHAR2(60 BYTE)
   ) SEGMENT CREATION IMMEDIATE 
  PCTFREE 10 PCTUSED 40 INITRANS 1 MAXTRANS 255 NOCOMPRESS LOGGING
  STORAGE(INITIAL 65536 NEXT 1048576 MINEXTENTS 1 MAXEXTENTS 2147483645
  PCTINCREASE 0 FREELISTS 1 FREELIST GROUPS 1 BUFFER_POOL DEFAULT FLASH_CACHE DEFAULT CELL_FLASH_CACHE DEFAULT)
  TABLESPACE "SYSTEM" ;
--------------------------------------------------------
--  DDL for Table DONS
--------------------------------------------------------

  CREATE TABLE "HEND"."DONS" 
   (	"CIN_D" VARCHAR2(20 BYTE), 
	"NOM_D" VARCHAR2(20 BYTE), 
	"PRENOM_D" VARCHAR2(20 BYTE), 
	"MONTANT_D" VARCHAR2(20 BYTE), 
	"TELEPHONE_D" VARCHAR2(13 BYTE), 
	"NBR_D" NUMBER
   ) SEGMENT CREATION IMMEDIATE 
  PCTFREE 10 PCTUSED 40 INITRANS 1 MAXTRANS 255 NOCOMPRESS LOGGING
  STORAGE(INITIAL 65536 NEXT 1048576 MINEXTENTS 1 MAXEXTENTS 2147483645
  PCTINCREASE 0 FREELISTS 1 FREELIST GROUPS 1 BUFFER_POOL DEFAULT FLASH_CACHE DEFAULT CELL_FLASH_CACHE DEFAULT)
  TABLESPACE "SYSTEM" ;
--------------------------------------------------------
--  DDL for Table FICHE
--------------------------------------------------------

  CREATE TABLE "HEND"."FICHE" 
   (	"CIN_B" VARCHAR2(20 BYTE), 
	"NOMPRENOM" VARCHAR2(40 BYTE), 
	"CATEGORIE_ANT" VARCHAR2(30 BYTE), 
	"DESCRIPTION_ANT" VARCHAR2(120 BYTE), 
	"DATE_F" DATE
   ) SEGMENT CREATION IMMEDIATE 
  PCTFREE 10 PCTUSED 40 INITRANS 1 MAXTRANS 255 NOCOMPRESS LOGGING
  STORAGE(INITIAL 65536 NEXT 1048576 MINEXTENTS 1 MAXEXTENTS 2147483645
  PCTINCREASE 0 FREELISTS 1 FREELIST GROUPS 1 BUFFER_POOL DEFAULT FLASH_CACHE DEFAULT CELL_FLASH_CACHE DEFAULT)
  TABLESPACE "SYSTEM" ;
--------------------------------------------------------
--  DDL for Table GÉRER
--------------------------------------------------------

  CREATE TABLE "HEND"."GÉRER" 
   (	"ID_P" VARCHAR2(20 BYTE), 
	"ID_S" NUMBER
   ) SEGMENT CREATION IMMEDIATE 
  PCTFREE 10 PCTUSED 40 INITRANS 1 MAXTRANS 255 NOCOMPRESS LOGGING
  STORAGE(INITIAL 65536 NEXT 1048576 MINEXTENTS 1 MAXEXTENTS 2147483645
  PCTINCREASE 0 FREELISTS 1 FREELIST GROUPS 1 BUFFER_POOL DEFAULT FLASH_CACHE DEFAULT CELL_FLASH_CACHE DEFAULT)
  TABLESPACE "SYSTEM" ;
--------------------------------------------------------
--  DDL for Table HISTORIQUEDON
--------------------------------------------------------

  CREATE TABLE "HEND"."HISTORIQUEDON" 
   (	"ID_P" VARCHAR2(40 BYTE), 
	"CIN" VARCHAR2(10 BYTE), 
	"NOMPRENOM_P" VARCHAR2(60 BYTE), 
	"MONTANT" VARCHAR2(40 BYTE), 
	"DATE_D" VARCHAR2(60 BYTE), 
	"NOMPRENOM_D" VARCHAR2(60 BYTE)
   ) SEGMENT CREATION IMMEDIATE 
  PCTFREE 10 PCTUSED 40 INITRANS 1 MAXTRANS 255 NOCOMPRESS LOGGING
  STORAGE(INITIAL 65536 NEXT 1048576 MINEXTENTS 1 MAXEXTENTS 2147483645
  PCTINCREASE 0 FREELISTS 1 FREELIST GROUPS 1 BUFFER_POOL DEFAULT FLASH_CACHE DEFAULT CELL_FLASH_CACHE DEFAULT)
  TABLESPACE "SYSTEM" ;
--------------------------------------------------------
--  DDL for Table PERSONNEL
--------------------------------------------------------

  CREATE TABLE "HEND"."PERSONNEL" 
   (	"ID_P" VARCHAR2(20 BYTE), 
	"CIN_P" VARCHAR2(20 BYTE), 
	"NOM_P" VARCHAR2(20 BYTE), 
	"PRENOM_P" VARCHAR2(20 BYTE), 
	"DOB_P" DATE, 
	"SEXE_P" VARCHAR2(20 BYTE), 
	"METIER" VARCHAR2(25 BYTE), 
	"NUMTEL" VARCHAR2(20 BYTE), 
	"ADRESSE" VARCHAR2(30 BYTE), 
	"MDP_P" VARCHAR2(128 BYTE), 
	"ANCMDP_P" VARCHAR2(128 BYTE), 
	"SALAIRE" NUMBER, 
	"MAIL_P" VARCHAR2(60 BYTE), 
	"RFID_P" VARCHAR2(8 BYTE), 
	"CODE_P" VARCHAR2(128 BYTE), 
	"DATEDEB_P" DATE
   ) SEGMENT CREATION IMMEDIATE 
  PCTFREE 10 PCTUSED 40 INITRANS 1 MAXTRANS 255 NOCOMPRESS LOGGING
  STORAGE(INITIAL 65536 NEXT 1048576 MINEXTENTS 1 MAXEXTENTS 2147483645
  PCTINCREASE 0 FREELISTS 1 FREELIST GROUPS 1 BUFFER_POOL DEFAULT FLASH_CACHE DEFAULT CELL_FLASH_CACHE DEFAULT)
  TABLESPACE "SYSTEM" ;
--------------------------------------------------------
--  DDL for Table SMS
--------------------------------------------------------

  CREATE TABLE "HEND"."SMS" 
   (	"NUMERO" NUMBER, 
	"MESSAGE" VARCHAR2(50 BYTE)
   ) SEGMENT CREATION IMMEDIATE 
  PCTFREE 10 PCTUSED 40 INITRANS 1 MAXTRANS 255 NOCOMPRESS LOGGING
  STORAGE(INITIAL 65536 NEXT 1048576 MINEXTENTS 1 MAXEXTENTS 2147483645
  PCTINCREASE 0 FREELISTS 1 FREELIST GROUPS 1 BUFFER_POOL DEFAULT FLASH_CACHE DEFAULT CELL_FLASH_CACHE DEFAULT)
  TABLESPACE "SYSTEM" ;
--------------------------------------------------------
--  DDL for Table STOCK
--------------------------------------------------------

  CREATE TABLE "HEND"."STOCK" 
   (	"ID_S" NUMBER, 
	"CATEGORIE" VARCHAR2(30 BYTE), 
	"TYPE" VARCHAR2(30 BYTE), 
	"SEXE_S" VARCHAR2(30 BYTE), 
	"PRIX" NUMBER, 
	"NB_TOT" NUMBER, 
	"NB_RES" NUMBER, 
	"IMAGEPATH" VARCHAR2(80 BYTE)
   ) SEGMENT CREATION IMMEDIATE 
  PCTFREE 10 PCTUSED 40 INITRANS 1 MAXTRANS 255 NOCOMPRESS LOGGING
  STORAGE(INITIAL 65536 NEXT 1048576 MINEXTENTS 1 MAXEXTENTS 2147483645
  PCTINCREASE 0 FREELISTS 1 FREELIST GROUPS 1 BUFFER_POOL DEFAULT FLASH_CACHE DEFAULT CELL_FLASH_CACHE DEFAULT)
  TABLESPACE "SYSTEM" ;
--------------------------------------------------------
--  DDL for Table STOCK_STAT
--------------------------------------------------------

  CREATE TABLE "HEND"."STOCK_STAT" 
   (	"ID" NUMBER, 
	"DATE_AJOUT" DATE, 
	"NB_TOT" NUMBER, 
	"NB_RES" NUMBER, 
	"ID_S" NUMBER, 
	"PRIX" FLOAT(126)
   ) SEGMENT CREATION IMMEDIATE 
  PCTFREE 10 PCTUSED 40 INITRANS 1 MAXTRANS 255 NOCOMPRESS LOGGING
  STORAGE(INITIAL 65536 NEXT 1048576 MINEXTENTS 1 MAXEXTENTS 2147483645
  PCTINCREASE 0 FREELISTS 1 FREELIST GROUPS 1 BUFFER_POOL DEFAULT FLASH_CACHE DEFAULT CELL_FLASH_CACHE DEFAULT)
  TABLESPACE "SYSTEM" ;
REM INSERTING into HEND.ACCEUILLIR
SET DEFINE OFF;
REM INSERTING into HEND.BENEFICIAIRES
SET DEFINE OFF;
Insert into HEND.BENEFICIAIRES (CIN_B,PRENOM_B,NOM_B,DOB_B,SEXE_B,NB_PASS_B,DATE_ENT_B,DATE_SOR_B,NUM_CH,MALADE_B) values ('00000000','Noura','Jebri',to_date('01/05/01','DD/MM/RR'),'Femme','2',to_date('02/04/23','DD/MM/RR'),to_date('02/04/23','DD/MM/RR'),'3','0');
Insert into HEND.BENEFICIAIRES (CIN_B,PRENOM_B,NOM_B,DOB_B,SEXE_B,NB_PASS_B,DATE_ENT_B,DATE_SOR_B,NUM_CH,MALADE_B) values ('00000001','Hamza','Jebri',to_date('01/01/00','DD/MM/RR'),'Homme','3',to_date('15/04/23','DD/MM/RR'),to_date('13/05/23','DD/MM/RR'),'0','1');
Insert into HEND.BENEFICIAIRES (CIN_B,PRENOM_B,NOM_B,DOB_B,SEXE_B,NB_PASS_B,DATE_ENT_B,DATE_SOR_B,NUM_CH,MALADE_B) values ('14759636','Mohamed','Jerbi',to_date('02/05/87','DD/MM/RR'),'Homme','2',to_date('09/05/23','DD/MM/RR'),to_date('02/05/23','DD/MM/RR'),'9','0');
Insert into HEND.BENEFICIAIRES (CIN_B,PRENOM_B,NOM_B,DOB_B,SEXE_B,NB_PASS_B,DATE_ENT_B,DATE_SOR_B,NUM_CH,MALADE_B) values ('14526398','Khalil','Maraii',to_date('11/02/99','DD/MM/RR'),'Homme','5',to_date('09/05/23','DD/MM/RR'),to_date('09/05/23','DD/MM/RR'),'7','1');
Insert into HEND.BENEFICIAIRES (CIN_B,PRENOM_B,NOM_B,DOB_B,SEXE_B,NB_PASS_B,DATE_ENT_B,DATE_SOR_B,NUM_CH,MALADE_B) values ('14236985','Khawla','Cheker',to_date('21/02/90','DD/MM/RR'),'Femme','1',to_date('03/05/23','DD/MM/RR'),to_date('02/05/23','DD/MM/RR'),'4','0');
Insert into HEND.BENEFICIAIRES (CIN_B,PRENOM_B,NOM_B,DOB_B,SEXE_B,NB_PASS_B,DATE_ENT_B,DATE_SOR_B,NUM_CH,MALADE_B) values ('14743625','Mohamed','Ali',to_date('21/01/70','DD/MM/RR'),'Homme','5',to_date('13/05/23','DD/MM/RR'),to_date('13/05/23','DD/MM/RR'),'0','1');
Insert into HEND.BENEFICIAIRES (CIN_B,PRENOM_B,NOM_B,DOB_B,SEXE_B,NB_PASS_B,DATE_ENT_B,DATE_SOR_B,NUM_CH,MALADE_B) values ('14563688','Wassim','msekni',to_date('04/10/02','DD/MM/RR'),'Homme','2',to_date('09/05/23','DD/MM/RR'),to_date('02/05/23','DD/MM/RR'),'9','0');
Insert into HEND.BENEFICIAIRES (CIN_B,PRENOM_B,NOM_B,DOB_B,SEXE_B,NB_PASS_B,DATE_ENT_B,DATE_SOR_B,NUM_CH,MALADE_B) values ('12314525','Ahmed','bouzid',to_date('04/05/02','DD/MM/RR'),'Homme','1',to_date('04/05/23','DD/MM/RR'),to_date('04/05/23','DD/MM/RR'),'9','0');
Insert into HEND.BENEFICIAIRES (CIN_B,PRENOM_B,NOM_B,DOB_B,SEXE_B,NB_PASS_B,DATE_ENT_B,DATE_SOR_B,NUM_CH,MALADE_B) values ('14521454','Karim','Jdidi',to_date('13/04/01','DD/MM/RR'),'Homme','0',to_date('13/05/23','DD/MM/RR'),to_date('13/05/23','DD/MM/RR'),'0','0');
REM INSERTING into HEND.CHAMBRES
SET DEFINE OFF;
Insert into HEND.CHAMBRES (NUM_L,ETAT_L,INCENDIE,NB_LIT,SEXE_L) values ('1','0','0','4','0');
Insert into HEND.CHAMBRES (NUM_L,ETAT_L,INCENDIE,NB_LIT,SEXE_L) values ('2','0','0','4','0');
Insert into HEND.CHAMBRES (NUM_L,ETAT_L,INCENDIE,NB_LIT,SEXE_L) values ('3','0','0','3','0');
Insert into HEND.CHAMBRES (NUM_L,ETAT_L,INCENDIE,NB_LIT,SEXE_L) values ('4','0','0','3','0');
Insert into HEND.CHAMBRES (NUM_L,ETAT_L,INCENDIE,NB_LIT,SEXE_L) values ('5','0','0','4','0');
Insert into HEND.CHAMBRES (NUM_L,ETAT_L,INCENDIE,NB_LIT,SEXE_L) values ('6','0','0','4','1');
Insert into HEND.CHAMBRES (NUM_L,ETAT_L,INCENDIE,NB_LIT,SEXE_L) values ('7','0','0','3','1');
Insert into HEND.CHAMBRES (NUM_L,ETAT_L,INCENDIE,NB_LIT,SEXE_L) values ('8','0','0','4','1');
Insert into HEND.CHAMBRES (NUM_L,ETAT_L,INCENDIE,NB_LIT,SEXE_L) values ('9','0','0','1','1');
Insert into HEND.CHAMBRES (NUM_L,ETAT_L,INCENDIE,NB_LIT,SEXE_L) values ('10','0','0','4','1');
Insert into HEND.CHAMBRES (NUM_L,ETAT_L,INCENDIE,NB_LIT,SEXE_L) values ('0','0','0','0','0');
REM INSERTING into HEND.COLLECTER
SET DEFINE OFF;
REM INSERTING into HEND.CONSULTATIONS
SET DEFINE OFF;
Insert into HEND.CONSULTATIONS (IDC,TAILLE_P,POID_P,TENSION,TEMPERATURE,ID_P,CIN_B,RESULTAT_C,DATE_C) values ('84','180','70','90','10','MEDF1288','14526398','Tension consideree comme basse','03/05/2023 12:53:17');
Insert into HEND.CONSULTATIONS (IDC,TAILLE_P,POID_P,TENSION,TEMPERATURE,ID_P,CIN_B,RESULTAT_C,DATE_C) values ('85','170','65','100','15','MEDM1451','14526398','Une tension moins faible que la derniere consultation ','08/05/2023 12:54:53');
Insert into HEND.CONSULTATIONS (IDC,TAILLE_P,POID_P,TENSION,TEMPERATURE,ID_P,CIN_B,RESULTAT_C,DATE_C) values ('101','175','60','90','11','MEDM1451','14759636','Une tension anormal','13/05/2023 01:23:32');
Insert into HEND.CONSULTATIONS (IDC,TAILLE_P,POID_P,TENSION,TEMPERATURE,ID_P,CIN_B,RESULTAT_C,DATE_C) values ('82','170','68','110','7','MEDF1001','14759636','En bonne sante','01/05/2023 12:45:18');
Insert into HEND.CONSULTATIONS (IDC,TAILLE_P,POID_P,TENSION,TEMPERATURE,ID_P,CIN_B,RESULTAT_C,DATE_C) values ('83','170','60','100','7','MEDF1288','14759636','Une baisse de poids importante','08/05/2023 12:46:10');
REM INSERTING into HEND.DONS
SET DEFINE OFF;
Insert into HEND.DONS (CIN_D,NOM_D,PRENOM_D,MONTANT_D,TELEPHONE_D,NBR_D) values ('12151241','Msadek','Sonya','185','52515474','2');
Insert into HEND.DONS (CIN_D,NOM_D,PRENOM_D,MONTANT_D,TELEPHONE_D,NBR_D) values ('12451512','Hammemi','Mahdi','250.5','52351545','1');
Insert into HEND.DONS (CIN_D,NOM_D,PRENOM_D,MONTANT_D,TELEPHONE_D,NBR_D) values ('15548494','Bouzid','Mostfa','20','55444545','1');
Insert into HEND.DONS (CIN_D,NOM_D,PRENOM_D,MONTANT_D,TELEPHONE_D,NBR_D) values ('16545465','Jdidi','Marwa','250.5','25446545','1');
Insert into HEND.DONS (CIN_D,NOM_D,PRENOM_D,MONTANT_D,TELEPHONE_D,NBR_D) values ('14555555','Sefi','Mounir','175','14545454','2');
REM INSERTING into HEND.FICHE
SET DEFINE OFF;
Insert into HEND.FICHE (CIN_B,NOMPRENOM,CATEGORIE_ANT,DESCRIPTION_ANT,DATE_F) values ('14743625','Ali Mohamed','Autre','Une legere anemie',to_date('07/05/23','DD/MM/RR'));
Insert into HEND.FICHE (CIN_B,NOMPRENOM,CATEGORIE_ANT,DESCRIPTION_ANT,DATE_F) values ('12314525','bouzid Ahmed','Autre','Souffre de problemes cardiaques',to_date('01/05/23','DD/MM/RR'));
Insert into HEND.FICHE (CIN_B,NOMPRENOM,CATEGORIE_ANT,DESCRIPTION_ANT,DATE_F) values ('14526398','Maraii Khalil','Hypotension','Atteint d''une insuffisance cardiaque',to_date('09/02/23','DD/MM/RR'));
Insert into HEND.FICHE (CIN_B,NOMPRENOM,CATEGORIE_ANT,DESCRIPTION_ANT,DATE_F) values ('14759636','Jerbi Mohamed','Hypertension','Des maux de tete et des etourdissements frequents',to_date('11/03/23','DD/MM/RR'));
REM INSERTING into HEND."GÉRER"
SET DEFINE OFF;
REM INSERTING into HEND.HISTORIQUEDON
SET DEFINE OFF;
Insert into HEND.HISTORIQUEDON (ID_P,CIN,NOMPRENOM_P,MONTANT,DATE_D,NOMPRENOM_D) values ('TREM1010',null,'Wael Jassar','50','04/05/2023 22:12:12','mayssaaa hmem');
Insert into HEND.HISTORIQUEDON (ID_P,CIN,NOMPRENOM_P,MONTANT,DATE_D,NOMPRENOM_D) values ('TREM1010',null,'Wael Jassar','100','04/05/2023 22:12:07','mayssaaa hmem');
Insert into HEND.HISTORIQUEDON (ID_P,CIN,NOMPRENOM_P,MONTANT,DATE_D,NOMPRENOM_D) values ('TREM1010',null,'Wael Jassar','125','04/05/2023 22:25:53','Jossef Sadok');
Insert into HEND.HISTORIQUEDON (ID_P,CIN,NOMPRENOM_P,MONTANT,DATE_D,NOMPRENOM_D) values ('TREM1010',null,'Wael Jassar','100','04/05/2023 22:28:24','Ahmed Chaker');
Insert into HEND.HISTORIQUEDON (ID_P,CIN,NOMPRENOM_P,MONTANT,DATE_D,NOMPRENOM_D) values ('TREM1010',null,'Wael Jassar','50','04/05/2023 22:28:28','Ahmed Chaker');
Insert into HEND.HISTORIQUEDON (ID_P,CIN,NOMPRENOM_P,MONTANT,DATE_D,NOMPRENOM_D) values ('TREM1010','12151241','Wael Jassar','175','04/05/2023 22:44:05','Sonya Msadek');
Insert into HEND.HISTORIQUEDON (ID_P,CIN,NOMPRENOM_P,MONTANT,DATE_D,NOMPRENOM_D) values ('TREM1010','12151241','Wael Jassar','10','05/05/2023 00:18:45','Sonya Msadek');
Insert into HEND.HISTORIQUEDON (ID_P,CIN,NOMPRENOM_P,MONTANT,DATE_D,NOMPRENOM_D) values ('TREM1010','12451512','Wael Jassar','250.5','09/05/2023 01:02:18','Mahdi Hammemi');
Insert into HEND.HISTORIQUEDON (ID_P,CIN,NOMPRENOM_P,MONTANT,DATE_D,NOMPRENOM_D) values ('TREM1010','15548494','Wael Jassar','20','09/05/2023 01:02:44','Mostfa Bouzid');
Insert into HEND.HISTORIQUEDON (ID_P,CIN,NOMPRENOM_P,MONTANT,DATE_D,NOMPRENOM_D) values ('TREM1010','16545465','Wael Jassar','250.51','09/05/2023 01:33:01','Donnateur Meilleur');
Insert into HEND.HISTORIQUEDON (ID_P,CIN,NOMPRENOM_P,MONTANT,DATE_D,NOMPRENOM_D) values ('TREM1010','14555555','Wael Jassar','125','09/05/2023 01:37:38','Khmis Khamsa');
Insert into HEND.HISTORIQUEDON (ID_P,CIN,NOMPRENOM_P,MONTANT,DATE_D,NOMPRENOM_D) values ('TREM1010','14555555','Wael Jassar','50','09/05/2023 01:39:17','Khmis Khamsa');
REM INSERTING into HEND.PERSONNEL
SET DEFINE OFF;
Insert into HEND.PERSONNEL (ID_P,CIN_P,NOM_P,PRENOM_P,DOB_P,SEXE_P,METIER,NUMTEL,ADRESSE,MDP_P,ANCMDP_P,SALAIRE,MAIL_P,RFID_P,CODE_P,DATEDEB_P) values ('ACCF4516','14516242','user','Nour',to_date('18/11/02','DD/MM/RR'),'Femme','Receptionniste','92715715','Gazella','d22b9cb6687e4969f0090c9e1f6b03f5','4495418c13ae80aff9b606b0490eeaae','350','no@esprit.tn','5E5076D','8919',to_date('01/05/23','DD/MM/RR'));
Insert into HEND.PERSONNEL (ID_P,CIN_P,NOM_P,PRENOM_P,DOB_P,SEXE_P,METIER,NUMTEL,ADRESSE,MDP_P,ANCMDP_P,SALAIRE,MAIL_P,RFID_P,CODE_P,DATEDEB_P) values ('ACCF1234','12345678','user','Rania',to_date('24/06/02','DD/MM/RR'),'Femme','Receptionniste','11111111','Menzeh5','25d55ad283aa400af464c76d713c07ad','25d55ad283aa400af464c76d713c07ad','350','R@esprit.tn',null,null,to_date('02/05/23','DD/MM/RR'));
Insert into HEND.PERSONNEL (ID_P,CIN_P,NOM_P,PRENOM_P,DOB_P,SEXE_P,METIER,NUMTEL,ADRESSE,MDP_P,ANCMDP_P,SALAIRE,MAIL_P,RFID_P,CODE_P,DATEDEB_P) values ('PERF1451','14514591','user','Hend',to_date('21/05/02','DD/MM/RR'),'Femme','Responsable RH','56178404','Ariena','7eaf3a416103495aed7388ed5a57337a','cf70066c84219a315edad359e494ccff','400','h@esprit.tn','126EB75','1010',to_date('27/04/23','DD/MM/RR'));
Insert into HEND.PERSONNEL (ID_P,CIN_P,NOM_P,PRENOM_P,DOB_P,SEXE_P,METIER,NUMTEL,ADRESSE,MDP_P,ANCMDP_P,SALAIRE,MAIL_P,RFID_P,CODE_P,DATEDEB_P) values ('TREM1010','10101000','user','Wael',to_date('01/05/88','DD/MM/RR'),'Homme','Tresorier','24760404','Naser','317d5f31db7f04d61d9619319c7736af','317d5f31db7f04d61d9619319c7736af','400','wael@esprit.tn',null,null,to_date('01/05/23','DD/MM/RR'));
Insert into HEND.PERSONNEL (ID_P,CIN_P,NOM_P,PRENOM_P,DOB_P,SEXE_P,METIER,NUMTEL,ADRESSE,MDP_P,ANCMDP_P,SALAIRE,MAIL_P,RFID_P,CODE_P,DATEDEB_P) values ('MEDF1288','12888273','user','Nour',to_date('05/02/03','DD/MM/RR'),'Femme','Medecin','56148404','Sousse','cb9d5da7aea17dc7732c3943f998c002','cb9d5da7aea17dc7732c3943f998c002','350','no@gmail.com',null,null,to_date('21/04/23','DD/MM/RR'));
Insert into HEND.PERSONNEL (ID_P,CIN_P,NOM_P,PRENOM_P,DOB_P,SEXE_P,METIER,NUMTEL,ADRESSE,MDP_P,ANCMDP_P,SALAIRE,MAIL_P,RFID_P,CODE_P,DATEDEB_P) values ('INVF1010','10101010','user','Yassmine',to_date('01/01/01','DD/MM/RR'),'Femme','Gestionnaire De Stock','56451412','Manouba','cf70066c84219a315edad359e494ccff','fceb46d8d7c57b61c179cc79a672511d','450','ya@esprit.tn',null,null,to_date('02/05/23','DD/MM/RR'));
Insert into HEND.PERSONNEL (ID_P,CIN_P,NOM_P,PRENOM_P,DOB_P,SEXE_P,METIER,NUMTEL,ADRESSE,MDP_P,ANCMDP_P,SALAIRE,MAIL_P,RFID_P,CODE_P,DATEDEB_P) values ('MEDF1001','10010012','user','Monya',to_date('10/12/92','DD/MM/RR'),'Femme','Medecin','52515478','Sousse','f4cf74f7182463667ff3ac4330dd6f9a','f4cf74f7182463667ff3ac4330dd6f9a','350','monya@esprit.tn',null,null,to_date('08/05/23','DD/MM/RR'));
Insert into HEND.PERSONNEL (ID_P,CIN_P,NOM_P,PRENOM_P,DOB_P,SEXE_P,METIER,NUMTEL,ADRESSE,MDP_P,ANCMDP_P,SALAIRE,MAIL_P,RFID_P,CODE_P,DATEDEB_P) values ('MEDM1544','15442254','user','Hosni',to_date('09/11/98','DD/MM/RR'),'Homme','Medecin','51547878','Sousse','fb7e141cfbb504a2fbcb9ae03274790c','fb7e141cfbb504a2fbcb9ae03274790c','350','chedli123@esprit.tn',null,null,to_date('09/05/23','DD/MM/RR'));
Insert into HEND.PERSONNEL (ID_P,CIN_P,NOM_P,PRENOM_P,DOB_P,SEXE_P,METIER,NUMTEL,ADRESSE,MDP_P,ANCMDP_P,SALAIRE,MAIL_P,RFID_P,CODE_P,DATEDEB_P) values ('PERF4514','14514500','user','Ahlem',to_date('29/04/23','DD/MM/RR'),'Femme','Responsable RH','56110452','Ariena','e13ba591652934c612b853d51de14090','e13ba591652934c612b853d51de14090','400','finaltest@esprit.tn',null,null,to_date('29/04/23','DD/MM/RR'));
Insert into HEND.PERSONNEL (ID_P,CIN_P,NOM_P,PRENOM_P,DOB_P,SEXE_P,METIER,NUMTEL,ADRESSE,MDP_P,ANCMDP_P,SALAIRE,MAIL_P,RFID_P,CODE_P,DATEDEB_P) values ('MEDM1451','14514519','user','Sami',to_date('27/04/00','DD/MM/RR'),'Homme','Medecin','56110405','Tunis','7a4dd0e85c61a9951541cbe2dec4552d','7a4dd0e85c61a9951541cbe2dec4552d','350','h@esprit.tn',null,null,to_date('29/04/23','DD/MM/RR'));
Insert into HEND.PERSONNEL (ID_P,CIN_P,NOM_P,PRENOM_P,DOB_P,SEXE_P,METIER,NUMTEL,ADRESSE,MDP_P,ANCMDP_P,SALAIRE,MAIL_P,RFID_P,CODE_P,DATEDEB_P) values ('TEST','11111111','user','test',to_date('20/09/99','DD/MM/RR'),'Homme','Responsable RH','00000000',null,'098f6bcd4621d373cade4e832627b4f6','098f6bcd4621d373cade4e832627b4f6',null,'user@test.com',null,null,to_date('20/09/24','DD/MM/RR'));
REM INSERTING into HEND.SMS
SET DEFINE OFF;
Insert into HEND.SMS (NUMERO,MESSAGE) values ('98745361','.');
Insert into HEND.SMS (NUMERO,MESSAGE) values ('98772361','..');
Insert into HEND.SMS (NUMERO,MESSAGE) values ('56880404','bonsoir');
Insert into HEND.SMS (NUMERO,MESSAGE) values ('54654565','bonsoir');
Insert into HEND.SMS (NUMERO,MESSAGE) values ('546688480','bonsoir');
REM INSERTING into HEND.STOCK
SET DEFINE OFF;
Insert into HEND.STOCK (ID_S,CATEGORIE,TYPE,SEXE_S,PRIX,NB_TOT,NB_RES,IMAGEPATH) values ('21','Bas','Short','Femme','2','35','20',null);
Insert into HEND.STOCK (ID_S,CATEGORIE,TYPE,SEXE_S,PRIX,NB_TOT,NB_RES,IMAGEPATH) values ('81','Haut','Pull sans manche','Femme','0,59999999999999998','4','3','C:/Users/HP/Pictures/bg.jpg');
Insert into HEND.STOCK (ID_S,CATEGORIE,TYPE,SEXE_S,PRIX,NB_TOT,NB_RES,IMAGEPATH) values ('82','Haut','Pull sans manche','Femme','0,59999999999999998','1','0',null);
Insert into HEND.STOCK (ID_S,CATEGORIE,TYPE,SEXE_S,PRIX,NB_TOT,NB_RES,IMAGEPATH) values ('83','Haut','Pull sans manche','Femme','0,59999999999999998','6','5',null);
Insert into HEND.STOCK (ID_S,CATEGORIE,TYPE,SEXE_S,PRIX,NB_TOT,NB_RES,IMAGEPATH) values ('84','Haut','Pull sans manche','Femme','0,59999999999999998','2','2',null);
Insert into HEND.STOCK (ID_S,CATEGORIE,TYPE,SEXE_S,PRIX,NB_TOT,NB_RES,IMAGEPATH) values ('101','Haut','Pull sans manche','Femme','0,5','11','10','C:/Users/HP/Pictures/bg.jpg');
Insert into HEND.STOCK (ID_S,CATEGORIE,TYPE,SEXE_S,PRIX,NB_TOT,NB_RES,IMAGEPATH) values ('121','Bas','Short','Femme','2,7000000000000006','2','0','C:/Users/HP/Desktop/shortF.jpg');
Insert into HEND.STOCK (ID_S,CATEGORIE,TYPE,SEXE_S,PRIX,NB_TOT,NB_RES,IMAGEPATH) values ('42','Haut','Pull sans manche','Femme','0,99999999999999989','4','4',null);
Insert into HEND.STOCK (ID_S,CATEGORIE,TYPE,SEXE_S,PRIX,NB_TOT,NB_RES,IMAGEPATH) values ('61','Haut','Pull sans manche','Femme','0,10000000000000001','1','1',null);
Insert into HEND.STOCK (ID_S,CATEGORIE,TYPE,SEXE_S,PRIX,NB_TOT,NB_RES,IMAGEPATH) values ('62','Haut','Pull sans manche','Femme','1','2','1',null);
REM INSERTING into HEND.STOCK_STAT
SET DEFINE OFF;
Insert into HEND.STOCK_STAT (ID,DATE_AJOUT,NB_TOT,NB_RES,ID_S,PRIX) values ('1',to_date('24/04/23','DD/MM/RR'),'1','1','0','0');
Insert into HEND.STOCK_STAT (ID,DATE_AJOUT,NB_TOT,NB_RES,ID_S,PRIX) values ('2',to_date('24/04/23','DD/MM/RR'),'1','1','1','0');
Insert into HEND.STOCK_STAT (ID,DATE_AJOUT,NB_TOT,NB_RES,ID_S,PRIX) values ('3',to_date('24/04/23','DD/MM/RR'),'1','1','1','0');
Insert into HEND.STOCK_STAT (ID,DATE_AJOUT,NB_TOT,NB_RES,ID_S,PRIX) values ('4',to_date('24/04/23','DD/MM/RR'),'6','6','2','0,5');
Insert into HEND.STOCK_STAT (ID,DATE_AJOUT,NB_TOT,NB_RES,ID_S,PRIX) values ('5',to_date('24/04/23','DD/MM/RR'),'1','1','1','0');
Insert into HEND.STOCK_STAT (ID,DATE_AJOUT,NB_TOT,NB_RES,ID_S,PRIX) values ('6',to_date('24/04/23','DD/MM/RR'),'4','4','0','0,99999999999999989');
Insert into HEND.STOCK_STAT (ID,DATE_AJOUT,NB_TOT,NB_RES,ID_S,PRIX) values ('7',to_date('24/04/23','DD/MM/RR'),'4','4','0','2,2000000000000006');
Insert into HEND.STOCK_STAT (ID,DATE_AJOUT,NB_TOT,NB_RES,ID_S,PRIX) values ('8',to_date('24/04/23','DD/MM/RR'),'4','4','4','6,2000000000000002');
Insert into HEND.STOCK_STAT (ID,DATE_AJOUT,NB_TOT,NB_RES,ID_S,PRIX) values ('9',to_date('24/04/23','DD/MM/RR'),'1','4','3','30');
Insert into HEND.STOCK_STAT (ID,DATE_AJOUT,NB_TOT,NB_RES,ID_S,PRIX) values ('10',to_date('24/04/23','DD/MM/RR'),'10','4','3','30');
Insert into HEND.STOCK_STAT (ID,DATE_AJOUT,NB_TOT,NB_RES,ID_S,PRIX) values ('11',to_date('24/04/23','DD/MM/RR'),'10','4','3','30');
Insert into HEND.STOCK_STAT (ID,DATE_AJOUT,NB_TOT,NB_RES,ID_S,PRIX) values ('12',to_date('24/04/23','DD/MM/RR'),'3','3','0','3,0000000000000013');
Insert into HEND.STOCK_STAT (ID,DATE_AJOUT,NB_TOT,NB_RES,ID_S,PRIX) values ('13',to_date('24/04/23','DD/MM/RR'),'1','3','2','0');
Insert into HEND.STOCK_STAT (ID,DATE_AJOUT,NB_TOT,NB_RES,ID_S,PRIX) values ('21',to_date('25/04/23','DD/MM/RR'),'4','4','0','2,0000000000000004');
Insert into HEND.STOCK_STAT (ID,DATE_AJOUT,NB_TOT,NB_RES,ID_S,PRIX) values ('22',to_date('25/04/23','DD/MM/RR'),'1','1','22','0');
Insert into HEND.STOCK_STAT (ID,DATE_AJOUT,NB_TOT,NB_RES,ID_S,PRIX) values ('23',to_date('25/04/23','DD/MM/RR'),'4','4','4','6,2000000000000002');
Insert into HEND.STOCK_STAT (ID,DATE_AJOUT,NB_TOT,NB_RES,ID_S,PRIX) values ('24',to_date('25/04/23','DD/MM/RR'),'10','10','0','2,3000000000000007');
Insert into HEND.STOCK_STAT (ID,DATE_AJOUT,NB_TOT,NB_RES,ID_S,PRIX) values ('25',to_date('26/04/23','DD/MM/RR'),'5','5','0','0,79999999999999993');
Insert into HEND.STOCK_STAT (ID,DATE_AJOUT,NB_TOT,NB_RES,ID_S,PRIX) values ('26',to_date('28/04/23','DD/MM/RR'),'1','1','25','0');
Insert into HEND.STOCK_STAT (ID,DATE_AJOUT,NB_TOT,NB_RES,ID_S,PRIX) values ('27',to_date('28/04/23','DD/MM/RR'),'5','2','24','0,80000000000000004');
Insert into HEND.STOCK_STAT (ID,DATE_AJOUT,NB_TOT,NB_RES,ID_S,PRIX) values ('28',to_date('28/04/23','DD/MM/RR'),'10','0','3','30');
Insert into HEND.STOCK_STAT (ID,DATE_AJOUT,NB_TOT,NB_RES,ID_S,PRIX) values ('29',to_date('28/04/23','DD/MM/RR'),'5','2','24','10');
Insert into HEND.STOCK_STAT (ID,DATE_AJOUT,NB_TOT,NB_RES,ID_S,PRIX) values ('30',to_date('28/04/23','DD/MM/RR'),'10','0','3','30');
Insert into HEND.STOCK_STAT (ID,DATE_AJOUT,NB_TOT,NB_RES,ID_S,PRIX) values ('31',to_date('28/04/23','DD/MM/RR'),'10','1','23','2,2999999999999998');
Insert into HEND.STOCK_STAT (ID,DATE_AJOUT,NB_TOT,NB_RES,ID_S,PRIX) values ('32',to_date('28/04/23','DD/MM/RR'),'4','1','21','2');
Insert into HEND.STOCK_STAT (ID,DATE_AJOUT,NB_TOT,NB_RES,ID_S,PRIX) values ('33',to_date('28/04/23','DD/MM/RR'),'1','1','26','0');
Insert into HEND.STOCK_STAT (ID,DATE_AJOUT,NB_TOT,NB_RES,ID_S,PRIX) values ('34',to_date('28/04/23','DD/MM/RR'),'1','1','26','0');
Insert into HEND.STOCK_STAT (ID,DATE_AJOUT,NB_TOT,NB_RES,ID_S,PRIX) values ('41',to_date('28/04/23','DD/MM/RR'),'10','0','3','30');
Insert into HEND.STOCK_STAT (ID,DATE_AJOUT,NB_TOT,NB_RES,ID_S,PRIX) values ('42',to_date('29/04/23','DD/MM/RR'),'1','1','26','0');
Insert into HEND.STOCK_STAT (ID,DATE_AJOUT,NB_TOT,NB_RES,ID_S,PRIX) values ('43',to_date('29/04/23','DD/MM/RR'),'5','5','26','0');
Insert into HEND.STOCK_STAT (ID,DATE_AJOUT,NB_TOT,NB_RES,ID_S,PRIX) values ('44',to_date('29/04/23','DD/MM/RR'),'1','1','26','0');
Insert into HEND.STOCK_STAT (ID,DATE_AJOUT,NB_TOT,NB_RES,ID_S,PRIX) values ('45',to_date('29/04/23','DD/MM/RR'),'1','1','26','0');
Insert into HEND.STOCK_STAT (ID,DATE_AJOUT,NB_TOT,NB_RES,ID_S,PRIX) values ('46',to_date('29/04/23','DD/MM/RR'),'1','1','26','0');
Insert into HEND.STOCK_STAT (ID,DATE_AJOUT,NB_TOT,NB_RES,ID_S,PRIX) values ('47',to_date('29/04/23','DD/MM/RR'),'1','1','0','0,99999999999999989');
Insert into HEND.STOCK_STAT (ID,DATE_AJOUT,NB_TOT,NB_RES,ID_S,PRIX) values ('48',to_date('29/04/23','DD/MM/RR'),'4','4','0','0,99999999999999989');
Insert into HEND.STOCK_STAT (ID,DATE_AJOUT,NB_TOT,NB_RES,ID_S,PRIX) values ('49',to_date('29/04/23','DD/MM/RR'),'4','1','21','2');
Insert into HEND.STOCK_STAT (ID,DATE_AJOUT,NB_TOT,NB_RES,ID_S,PRIX) values ('61',to_date('30/04/23','DD/MM/RR'),'1','1','26','0');
Insert into HEND.STOCK_STAT (ID,DATE_AJOUT,NB_TOT,NB_RES,ID_S,PRIX) values ('62',to_date('30/04/23','DD/MM/RR'),'1','1','0','0,10000000000000001');
Insert into HEND.STOCK_STAT (ID,DATE_AJOUT,NB_TOT,NB_RES,ID_S,PRIX) values ('63',to_date('30/04/23','DD/MM/RR'),'1','1','0','0,59999999999999998');
Insert into HEND.STOCK_STAT (ID,DATE_AJOUT,NB_TOT,NB_RES,ID_S,PRIX) values ('64',to_date('30/04/23','DD/MM/RR'),'4','0','21','2');
Insert into HEND.STOCK_STAT (ID,DATE_AJOUT,NB_TOT,NB_RES,ID_S,PRIX) values ('65',to_date('30/04/23','DD/MM/RR'),'10','0','21','2');
Insert into HEND.STOCK_STAT (ID,DATE_AJOUT,NB_TOT,NB_RES,ID_S,PRIX) values ('66',to_date('30/04/23','DD/MM/RR'),'5','5','21','2');
Insert into HEND.STOCK_STAT (ID,DATE_AJOUT,NB_TOT,NB_RES,ID_S,PRIX) values ('81',to_date('02/05/23','DD/MM/RR'),'1','1','41','0');
Insert into HEND.STOCK_STAT (ID,DATE_AJOUT,NB_TOT,NB_RES,ID_S,PRIX) values ('82',to_date('02/05/23','DD/MM/RR'),'1','1','24','0');
Insert into HEND.STOCK_STAT (ID,DATE_AJOUT,NB_TOT,NB_RES,ID_S,PRIX) values ('83',to_date('02/05/23','DD/MM/RR'),'1','1','62','0');
Insert into HEND.STOCK_STAT (ID,DATE_AJOUT,NB_TOT,NB_RES,ID_S,PRIX) values ('84',to_date('02/05/23','DD/MM/RR'),'1','1','0','0,59999999999999998');
Insert into HEND.STOCK_STAT (ID,DATE_AJOUT,NB_TOT,NB_RES,ID_S,PRIX) values ('85',to_date('02/05/23','DD/MM/RR'),'1','1','0','0,59999999999999998');
Insert into HEND.STOCK_STAT (ID,DATE_AJOUT,NB_TOT,NB_RES,ID_S,PRIX) values ('86',to_date('02/05/23','DD/MM/RR'),'1','1','0','0,59999999999999998');
Insert into HEND.STOCK_STAT (ID,DATE_AJOUT,NB_TOT,NB_RES,ID_S,PRIX) values ('87',to_date('02/05/23','DD/MM/RR'),'2','2','0','0,59999999999999998');
Insert into HEND.STOCK_STAT (ID,DATE_AJOUT,NB_TOT,NB_RES,ID_S,PRIX) values ('88',to_date('02/05/23','DD/MM/RR'),'1','0','62','1');
Insert into HEND.STOCK_STAT (ID,DATE_AJOUT,NB_TOT,NB_RES,ID_S,PRIX) values ('89',to_date('02/05/23','DD/MM/RR'),'1','1','62','1');
Insert into HEND.STOCK_STAT (ID,DATE_AJOUT,NB_TOT,NB_RES,ID_S,PRIX) values ('90',to_date('02/05/23','DD/MM/RR'),'1','1','21','0');
Insert into HEND.STOCK_STAT (ID,DATE_AJOUT,NB_TOT,NB_RES,ID_S,PRIX) values ('91',to_date('02/05/23','DD/MM/RR'),'2','2','21','2');
Insert into HEND.STOCK_STAT (ID,DATE_AJOUT,NB_TOT,NB_RES,ID_S,PRIX) values ('92',to_date('02/05/23','DD/MM/RR'),'1','1','81','0,59999999999999998');
Insert into HEND.STOCK_STAT (ID,DATE_AJOUT,NB_TOT,NB_RES,ID_S,PRIX) values ('101',to_date('02/05/23','DD/MM/RR'),'1','1','101','0,5');
Insert into HEND.STOCK_STAT (ID,DATE_AJOUT,NB_TOT,NB_RES,ID_S,PRIX) values ('121',to_date('12/05/23','DD/MM/RR'),'1','1','61','0');
Insert into HEND.STOCK_STAT (ID,DATE_AJOUT,NB_TOT,NB_RES,ID_S,PRIX) values ('122',to_date('12/05/23','DD/MM/RR'),'1','1','61','0');
Insert into HEND.STOCK_STAT (ID,DATE_AJOUT,NB_TOT,NB_RES,ID_S,PRIX) values ('123',to_date('12/05/23','DD/MM/RR'),'1','1','82','0');
Insert into HEND.STOCK_STAT (ID,DATE_AJOUT,NB_TOT,NB_RES,ID_S,PRIX) values ('124',to_date('12/05/23','DD/MM/RR'),'1','1','81','0');
Insert into HEND.STOCK_STAT (ID,DATE_AJOUT,NB_TOT,NB_RES,ID_S,PRIX) values ('141',to_date('13/05/23','DD/MM/RR'),'2','2','0','2,7000000000000006');
--------------------------------------------------------
--  DDL for Index PK_STOCK
--------------------------------------------------------

  CREATE UNIQUE INDEX "HEND"."PK_STOCK" ON "HEND"."STOCK" ("ID_S") 
  PCTFREE 10 INITRANS 2 MAXTRANS 255 COMPUTE STATISTICS 
  STORAGE(INITIAL 65536 NEXT 1048576 MINEXTENTS 1 MAXEXTENTS 2147483645
  PCTINCREASE 0 FREELISTS 1 FREELIST GROUPS 1 BUFFER_POOL DEFAULT FLASH_CACHE DEFAULT CELL_FLASH_CACHE DEFAULT)
  TABLESPACE "SYSTEM" ;
--------------------------------------------------------
--  DDL for Index FK_BENEF_PERSO
--------------------------------------------------------

  CREATE UNIQUE INDEX "HEND"."FK_BENEF_PERSO" ON "HEND"."ACCEUILLIR" ("ID_P", "CIN_B") 
  PCTFREE 10 INITRANS 2 MAXTRANS 255 COMPUTE STATISTICS 
  STORAGE(INITIAL 65536 NEXT 1048576 MINEXTENTS 1 MAXEXTENTS 2147483645
  PCTINCREASE 0 FREELISTS 1 FREELIST GROUPS 1 BUFFER_POOL DEFAULT FLASH_CACHE DEFAULT CELL_FLASH_CACHE DEFAULT)
  TABLESPACE "SYSTEM" ;
--------------------------------------------------------
--  DDL for Index PK_STOCK_PERSO
--------------------------------------------------------

  CREATE UNIQUE INDEX "HEND"."PK_STOCK_PERSO" ON "HEND"."GÉRER" ("ID_P", "ID_S") 
  PCTFREE 10 INITRANS 2 MAXTRANS 255 COMPUTE STATISTICS 
  STORAGE(INITIAL 65536 NEXT 1048576 MINEXTENTS 1 MAXEXTENTS 2147483645
  PCTINCREASE 0 FREELISTS 1 FREELIST GROUPS 1 BUFFER_POOL DEFAULT FLASH_CACHE DEFAULT CELL_FLASH_CACHE DEFAULT)
  TABLESPACE "SYSTEM" ;
--------------------------------------------------------
--  DDL for Index STOCK_STAT_PK
--------------------------------------------------------

  CREATE UNIQUE INDEX "HEND"."STOCK_STAT_PK" ON "HEND"."STOCK_STAT" ("ID") 
  PCTFREE 10 INITRANS 2 MAXTRANS 255 COMPUTE STATISTICS 
  STORAGE(INITIAL 65536 NEXT 1048576 MINEXTENTS 1 MAXEXTENTS 2147483645
  PCTINCREASE 0 FREELISTS 1 FREELIST GROUPS 1 BUFFER_POOL DEFAULT FLASH_CACHE DEFAULT CELL_FLASH_CACHE DEFAULT)
  TABLESPACE "SYSTEM" ;
--------------------------------------------------------
--  DDL for Index PK_SDF
--------------------------------------------------------

  CREATE UNIQUE INDEX "HEND"."PK_SDF" ON "HEND"."BENEFICIAIRES" ("CIN_B") 
  PCTFREE 10 INITRANS 2 MAXTRANS 255 COMPUTE STATISTICS 
  STORAGE(INITIAL 65536 NEXT 1048576 MINEXTENTS 1 MAXEXTENTS 2147483645
  PCTINCREASE 0 FREELISTS 1 FREELIST GROUPS 1 BUFFER_POOL DEFAULT FLASH_CACHE DEFAULT CELL_FLASH_CACHE DEFAULT)
  TABLESPACE "SYSTEM" ;
--------------------------------------------------------
--  DDL for Index PERSONNEL_PK
--------------------------------------------------------

  CREATE UNIQUE INDEX "HEND"."PERSONNEL_PK" ON "HEND"."PERSONNEL" ("ID_P") 
  PCTFREE 10 INITRANS 2 MAXTRANS 255 COMPUTE STATISTICS 
  STORAGE(INITIAL 65536 NEXT 1048576 MINEXTENTS 1 MAXEXTENTS 2147483645
  PCTINCREASE 0 FREELISTS 1 FREELIST GROUPS 1 BUFFER_POOL DEFAULT FLASH_CACHE DEFAULT CELL_FLASH_CACHE DEFAULT)
  TABLESPACE "SYSTEM" ;
--------------------------------------------------------
--  DDL for Index CHAMBRES_PK
--------------------------------------------------------

  CREATE UNIQUE INDEX "HEND"."CHAMBRES_PK" ON "HEND"."CHAMBRES" ("NUM_L") 
  PCTFREE 10 INITRANS 2 MAXTRANS 255 COMPUTE STATISTICS 
  STORAGE(INITIAL 65536 NEXT 1048576 MINEXTENTS 1 MAXEXTENTS 2147483645
  PCTINCREASE 0 FREELISTS 1 FREELIST GROUPS 1 BUFFER_POOL DEFAULT FLASH_CACHE DEFAULT CELL_FLASH_CACHE DEFAULT)
  TABLESPACE "SYSTEM" ;
--------------------------------------------------------
--  DDL for Index PK_DONS_PERSO
--------------------------------------------------------

  CREATE UNIQUE INDEX "HEND"."PK_DONS_PERSO" ON "HEND"."COLLECTER" ("ID_P", "CIN_D") 
  PCTFREE 10 INITRANS 2 MAXTRANS 255 COMPUTE STATISTICS 
  STORAGE(INITIAL 65536 NEXT 1048576 MINEXTENTS 1 MAXEXTENTS 2147483645
  PCTINCREASE 0 FREELISTS 1 FREELIST GROUPS 1 BUFFER_POOL DEFAULT FLASH_CACHE DEFAULT CELL_FLASH_CACHE DEFAULT)
  TABLESPACE "SYSTEM" ;
--------------------------------------------------------
--  DDL for Index CONSULTATIONS_PK
--------------------------------------------------------

  CREATE UNIQUE INDEX "HEND"."CONSULTATIONS_PK" ON "HEND"."CONSULTATIONS" ("IDC") 
  PCTFREE 10 INITRANS 2 MAXTRANS 255 COMPUTE STATISTICS 
  STORAGE(INITIAL 65536 NEXT 1048576 MINEXTENTS 1 MAXEXTENTS 2147483645
  PCTINCREASE 0 FREELISTS 1 FREELIST GROUPS 1 BUFFER_POOL DEFAULT FLASH_CACHE DEFAULT CELL_FLASH_CACHE DEFAULT)
  TABLESPACE "SYSTEM" ;
--------------------------------------------------------
--  DDL for Index DONS_PK1
--------------------------------------------------------

  CREATE UNIQUE INDEX "HEND"."DONS_PK1" ON "HEND"."DONS" ("CIN_D") 
  PCTFREE 10 INITRANS 2 MAXTRANS 255 COMPUTE STATISTICS 
  STORAGE(INITIAL 65536 NEXT 1048576 MINEXTENTS 1 MAXEXTENTS 2147483645
  PCTINCREASE 0 FREELISTS 1 FREELIST GROUPS 1 BUFFER_POOL DEFAULT FLASH_CACHE DEFAULT CELL_FLASH_CACHE DEFAULT)
  TABLESPACE "SYSTEM" ;
--------------------------------------------------------
--  DDL for Trigger CONSULTATIONS_TRG
--------------------------------------------------------

  CREATE OR REPLACE TRIGGER "HEND"."CONSULTATIONS_TRG" 
BEFORE INSERT ON CONSULTATIONS 
FOR EACH ROW 
BEGIN
  <<COLUMN_SEQUENCES>>
  BEGIN
    NULL;
  END COLUMN_SEQUENCES;
END;
/
ALTER TRIGGER "HEND"."CONSULTATIONS_TRG" ENABLE;
--------------------------------------------------------
--  DDL for Trigger CONSULTATIONS_TRG1
--------------------------------------------------------

  CREATE OR REPLACE TRIGGER "HEND"."CONSULTATIONS_TRG1" 
BEFORE INSERT ON CONSULTATIONS 
FOR EACH ROW 
BEGIN
  <<COLUMN_SEQUENCES>>
  BEGIN
    IF INSERTING AND :NEW.IDC IS NULL THEN
      SELECT NOM_SEQUENCE4.NEXTVAL INTO :NEW.IDC FROM SYS.DUAL;
    END IF;
  END COLUMN_SEQUENCES;
END;
/
ALTER TRIGGER "HEND"."CONSULTATIONS_TRG1" ENABLE;
--------------------------------------------------------
--  DDL for Trigger STOCK_STAT_TRG
--------------------------------------------------------

  CREATE OR REPLACE TRIGGER "HEND"."STOCK_STAT_TRG" 
BEFORE INSERT ON STOCK_STAT 
FOR EACH ROW 
BEGIN
  <<COLUMN_SEQUENCES>>
  BEGIN
    IF INSERTING AND :NEW.ID IS NULL THEN
      SELECT NOM_SEQUENCE3.NEXTVAL INTO :NEW.ID FROM SYS.DUAL;
    END IF;
  END COLUMN_SEQUENCES;
END;
/
ALTER TRIGGER "HEND"."STOCK_STAT_TRG" ENABLE;
--------------------------------------------------------
--  DDL for Trigger STOCKS_TRG
--------------------------------------------------------

  CREATE OR REPLACE TRIGGER "HEND"."STOCKS_TRG" 
BEFORE INSERT ON STOCK 
FOR EACH ROW 
BEGIN
  <<COLUMN_SEQUENCES>>
  BEGIN
    IF INSERTING AND :NEW.ID_S IS NULL THEN
      SELECT NOM_SEQUENCE2.NEXTVAL INTO :NEW.ID_S FROM SYS.DUAL;
    END IF;
  END COLUMN_SEQUENCES;
END;
/
ALTER TRIGGER "HEND"."STOCKS_TRG" ENABLE;
--------------------------------------------------------
--  Constraints for Table DONS
--------------------------------------------------------

  ALTER TABLE "HEND"."DONS" ADD CONSTRAINT "DONS_PK" PRIMARY KEY ("CIN_D")
  USING INDEX PCTFREE 10 INITRANS 2 MAXTRANS 255 COMPUTE STATISTICS 
  STORAGE(INITIAL 65536 NEXT 1048576 MINEXTENTS 1 MAXEXTENTS 2147483645
  PCTINCREASE 0 FREELISTS 1 FREELIST GROUPS 1 BUFFER_POOL DEFAULT FLASH_CACHE DEFAULT CELL_FLASH_CACHE DEFAULT)
  TABLESPACE "SYSTEM"  ENABLE;
  ALTER TABLE "HEND"."DONS" MODIFY ("CIN_D" NOT NULL ENABLE);
--------------------------------------------------------
--  Constraints for Table PERSONNEL
--------------------------------------------------------

  ALTER TABLE "HEND"."PERSONNEL" MODIFY ("DOB_P" NOT NULL ENABLE);
  ALTER TABLE "HEND"."PERSONNEL" ADD CONSTRAINT "PERSONNEL_PK" PRIMARY KEY ("ID_P")
  USING INDEX PCTFREE 10 INITRANS 2 MAXTRANS 255 COMPUTE STATISTICS 
  STORAGE(INITIAL 65536 NEXT 1048576 MINEXTENTS 1 MAXEXTENTS 2147483645
  PCTINCREASE 0 FREELISTS 1 FREELIST GROUPS 1 BUFFER_POOL DEFAULT FLASH_CACHE DEFAULT CELL_FLASH_CACHE DEFAULT)
  TABLESPACE "SYSTEM"  ENABLE;
  ALTER TABLE "HEND"."PERSONNEL" MODIFY ("PRENOM_P" NOT NULL ENABLE);
  ALTER TABLE "HEND"."PERSONNEL" MODIFY ("NOM_P" NOT NULL ENABLE);
  ALTER TABLE "HEND"."PERSONNEL" MODIFY ("ID_P" NOT NULL ENABLE);
--------------------------------------------------------
--  Constraints for Table GÉRER
--------------------------------------------------------

  ALTER TABLE "HEND"."GÉRER" ADD CONSTRAINT "PK_STOCK_PERSO" PRIMARY KEY ("ID_P", "ID_S")
  USING INDEX PCTFREE 10 INITRANS 2 MAXTRANS 255 COMPUTE STATISTICS 
  STORAGE(INITIAL 65536 NEXT 1048576 MINEXTENTS 1 MAXEXTENTS 2147483645
  PCTINCREASE 0 FREELISTS 1 FREELIST GROUPS 1 BUFFER_POOL DEFAULT FLASH_CACHE DEFAULT CELL_FLASH_CACHE DEFAULT)
  TABLESPACE "SYSTEM"  ENABLE;
--------------------------------------------------------
--  Constraints for Table CONSULTATIONS
--------------------------------------------------------

  ALTER TABLE "HEND"."CONSULTATIONS" ADD CONSTRAINT "CONSULTATIONS_PK" PRIMARY KEY ("IDC")
  USING INDEX PCTFREE 10 INITRANS 2 MAXTRANS 255 COMPUTE STATISTICS 
  STORAGE(INITIAL 65536 NEXT 1048576 MINEXTENTS 1 MAXEXTENTS 2147483645
  PCTINCREASE 0 FREELISTS 1 FREELIST GROUPS 1 BUFFER_POOL DEFAULT FLASH_CACHE DEFAULT CELL_FLASH_CACHE DEFAULT)
  TABLESPACE "SYSTEM"  ENABLE;
  ALTER TABLE "HEND"."CONSULTATIONS" MODIFY ("IDC" NOT NULL ENABLE);
--------------------------------------------------------
--  Constraints for Table STOCK_STAT
--------------------------------------------------------

  ALTER TABLE "HEND"."STOCK_STAT" ADD CONSTRAINT "STOCK_STAT_PK" PRIMARY KEY ("ID")
  USING INDEX PCTFREE 10 INITRANS 2 MAXTRANS 255 COMPUTE STATISTICS 
  STORAGE(INITIAL 65536 NEXT 1048576 MINEXTENTS 1 MAXEXTENTS 2147483645
  PCTINCREASE 0 FREELISTS 1 FREELIST GROUPS 1 BUFFER_POOL DEFAULT FLASH_CACHE DEFAULT CELL_FLASH_CACHE DEFAULT)
  TABLESPACE "SYSTEM"  ENABLE;
  ALTER TABLE "HEND"."STOCK_STAT" MODIFY ("ID" NOT NULL ENABLE);
--------------------------------------------------------
--  Constraints for Table STOCK
--------------------------------------------------------

  ALTER TABLE "HEND"."STOCK" ADD CONSTRAINT "PK_STOCK" PRIMARY KEY ("ID_S")
  USING INDEX PCTFREE 10 INITRANS 2 MAXTRANS 255 COMPUTE STATISTICS 
  STORAGE(INITIAL 65536 NEXT 1048576 MINEXTENTS 1 MAXEXTENTS 2147483645
  PCTINCREASE 0 FREELISTS 1 FREELIST GROUPS 1 BUFFER_POOL DEFAULT FLASH_CACHE DEFAULT CELL_FLASH_CACHE DEFAULT)
  TABLESPACE "SYSTEM"  ENABLE;
--------------------------------------------------------
--  Constraints for Table COLLECTER
--------------------------------------------------------

  ALTER TABLE "HEND"."COLLECTER" ADD CONSTRAINT "PK_DONS_PERSO" PRIMARY KEY ("ID_P", "CIN_D")
  USING INDEX PCTFREE 10 INITRANS 2 MAXTRANS 255 COMPUTE STATISTICS 
  STORAGE(INITIAL 65536 NEXT 1048576 MINEXTENTS 1 MAXEXTENTS 2147483645
  PCTINCREASE 0 FREELISTS 1 FREELIST GROUPS 1 BUFFER_POOL DEFAULT FLASH_CACHE DEFAULT CELL_FLASH_CACHE DEFAULT)
  TABLESPACE "SYSTEM"  ENABLE;
--------------------------------------------------------
--  Constraints for Table CHAMBRES
--------------------------------------------------------

  ALTER TABLE "HEND"."CHAMBRES" ADD CONSTRAINT "CHAMBRES_PK" PRIMARY KEY ("NUM_L")
  USING INDEX PCTFREE 10 INITRANS 2 MAXTRANS 255 COMPUTE STATISTICS 
  STORAGE(INITIAL 65536 NEXT 1048576 MINEXTENTS 1 MAXEXTENTS 2147483645
  PCTINCREASE 0 FREELISTS 1 FREELIST GROUPS 1 BUFFER_POOL DEFAULT FLASH_CACHE DEFAULT CELL_FLASH_CACHE DEFAULT)
  TABLESPACE "SYSTEM"  ENABLE;
--------------------------------------------------------
--  Constraints for Table BENEFICIAIRES
--------------------------------------------------------

  ALTER TABLE "HEND"."BENEFICIAIRES" ADD CONSTRAINT "PK_SDF" PRIMARY KEY ("CIN_B")
  USING INDEX PCTFREE 10 INITRANS 2 MAXTRANS 255 COMPUTE STATISTICS 
  STORAGE(INITIAL 65536 NEXT 1048576 MINEXTENTS 1 MAXEXTENTS 2147483645
  PCTINCREASE 0 FREELISTS 1 FREELIST GROUPS 1 BUFFER_POOL DEFAULT FLASH_CACHE DEFAULT CELL_FLASH_CACHE DEFAULT)
  TABLESPACE "SYSTEM"  ENABLE;
  ALTER TABLE "HEND"."BENEFICIAIRES" MODIFY ("NB_PASS_B" NOT NULL ENABLE);
  ALTER TABLE "HEND"."BENEFICIAIRES" MODIFY ("SEXE_B" NOT NULL ENABLE);
  ALTER TABLE "HEND"."BENEFICIAIRES" MODIFY ("NOM_B" NOT NULL ENABLE);
  ALTER TABLE "HEND"."BENEFICIAIRES" MODIFY ("PRENOM_B" NOT NULL ENABLE);
  ALTER TABLE "HEND"."BENEFICIAIRES" MODIFY ("CIN_B" NOT NULL ENABLE);
--------------------------------------------------------
--  Constraints for Table ACCEUILLIR
--------------------------------------------------------

  ALTER TABLE "HEND"."ACCEUILLIR" ADD CONSTRAINT "FK_BENEF_PERSO" PRIMARY KEY ("ID_P", "CIN_B")
  USING INDEX PCTFREE 10 INITRANS 2 MAXTRANS 255 COMPUTE STATISTICS 
  STORAGE(INITIAL 65536 NEXT 1048576 MINEXTENTS 1 MAXEXTENTS 2147483645
  PCTINCREASE 0 FREELISTS 1 FREELIST GROUPS 1 BUFFER_POOL DEFAULT FLASH_CACHE DEFAULT CELL_FLASH_CACHE DEFAULT)
  TABLESPACE "SYSTEM"  ENABLE;
--------------------------------------------------------
--  Ref Constraints for Table ACCEUILLIR
--------------------------------------------------------

  ALTER TABLE "HEND"."ACCEUILLIR" ADD CONSTRAINT "FK_BENEF_PERSON" FOREIGN KEY ("CIN_B")
	  REFERENCES "HEND"."BENEFICIAIRES" ("CIN_B") ENABLE;
  ALTER TABLE "HEND"."ACCEUILLIR" ADD CONSTRAINT "FK_PERSO" FOREIGN KEY ("ID_P")
	  REFERENCES "HEND"."PERSONNEL" ("ID_P") ENABLE;
--------------------------------------------------------
--  Ref Constraints for Table BENEFICIAIRES
--------------------------------------------------------

  ALTER TABLE "HEND"."BENEFICIAIRES" ADD CONSTRAINT "PK_LITS_BENEF" FOREIGN KEY ("NUM_CH")
	  REFERENCES "HEND"."CHAMBRES" ("NUM_L") ENABLE;
--------------------------------------------------------
--  Ref Constraints for Table COLLECTER
--------------------------------------------------------

  ALTER TABLE "HEND"."COLLECTER" ADD CONSTRAINT "FK_DONS_PERSO" FOREIGN KEY ("CIN_D")
	  REFERENCES "HEND"."DONS" ("CIN_D") ENABLE;
  ALTER TABLE "HEND"."COLLECTER" ADD CONSTRAINT "FK_PERSO_DONS" FOREIGN KEY ("ID_P")
	  REFERENCES "HEND"."PERSONNEL" ("ID_P") ENABLE;
--------------------------------------------------------
--  Ref Constraints for Table CONSULTATIONS
--------------------------------------------------------

  ALTER TABLE "HEND"."CONSULTATIONS" ADD CONSTRAINT "FK_CONSULTATION" FOREIGN KEY ("ID_P")
	  REFERENCES "HEND"."PERSONNEL" ("ID_P") ENABLE;
  ALTER TABLE "HEND"."CONSULTATIONS" ADD CONSTRAINT "FK_CONSULTATION1" FOREIGN KEY ("CIN_B")
	  REFERENCES "HEND"."BENEFICIAIRES" ("CIN_B") ENABLE;
--------------------------------------------------------
--  Ref Constraints for Table GÉRER
--------------------------------------------------------

  ALTER TABLE "HEND"."GÉRER" ADD CONSTRAINT "FK_PERSO_STOCK" FOREIGN KEY ("ID_S")
	  REFERENCES "HEND"."STOCK" ("ID_S") ENABLE;
  ALTER TABLE "HEND"."GÉRER" ADD CONSTRAINT "FK_STOCK_PERSO" FOREIGN KEY ("ID_P")
	  REFERENCES "HEND"."PERSONNEL" ("ID_P") ENABLE;
--------------------------------------------------------
--  Ref Constraints for Table HISTORIQUEDON
--------------------------------------------------------

  ALTER TABLE "HEND"."HISTORIQUEDON" ADD CONSTRAINT "PK_D_D" FOREIGN KEY ("CIN")
	  REFERENCES "HEND"."DONS" ("CIN_D") ON DELETE SET NULL ENABLE;
  ALTER TABLE "HEND"."HISTORIQUEDON" ADD CONSTRAINT "PK_P_D" FOREIGN KEY ("ID_P")
	  REFERENCES "HEND"."PERSONNEL" ("ID_P") ON DELETE SET NULL ENABLE;
